artist,song_name,genres,album_name,song_id,album_id,genres_list,singular_genre,Top Emotions
Firewind,Land of Eternity,"speed metal, melodic metal, greek metal, neo classical metal, symphonic metal, metal, progressive metal, power metal",Forged by Fire,6M0VHKkZiv6UCxQHNf874V,7mJeHKbFKY8zNtUBgiRkN9,"['speed metal', 'melodic metal', 'greek metal', 'neo classical metal', 'symphonic metal', 'metal', 'progressive metal', 'power metal']",Rock,Emotions unable to be determined
That Handsome Devil,F2f,pov: indie,Your Parents Are Sellouts,6zd6u5CmNLZoTzvltwcGz1,08Pu04WxAJmVDeZ6plauZW,['pov: indie'],Alternative,Emotions unable to be determined
Dustin Lynch,Good Girl,"country, contemporary country, modern country rock, country road",Tullahoma,3NgcaTIgVh77DdwAInp996,2jGU6wUOYlyscEVAh6dtg5,"['country', 'contemporary country', 'modern country rock', 'country road']",Country,Emotions unable to be determined
Gorguts,Inverted,"brutal death metal, dissonant death metal, thrash metal, technical death metal, canadian metal, black metal, quebec death metal, death metal",From Wisdom to Hate,5em2K6FyVjfJGkRRKlKOLj,01fhMBV2RCTUsl0D47PH45,"['brutal death metal', 'dissonant death metal', 'thrash metal', 'technical death metal', 'canadian metal', 'black metal', 'quebec death metal', 'death metal']",Rock,Emotions unable to be determined
BAEKHYUN,Get You Alone,k-pop,Baekhyun,3K1hH4PSGXbzczwtdBvMNW,1jV1UooTpZ7c90umcENmOC,['k-pop'],Pop,Emotions unable to be determined
Gucci Mane,Peepin Out the Blinds,"trap, southern hip hop, rap, atl hip hop, hip hop, pop rap, dirty south rap",El Gato: The Human Glacier,2GZ3ilcrZ89O4e40kIXqbe,1u5gq15cYorEthAD0IDDOB,"['trap', 'southern hip hop', 'rap', 'atl hip hop', 'hip hop', 'pop rap', 'dirty south rap']",Hip-Hop,"Excitement, Amusement"
Crowbar,Fall Back To Zero,"groove metal, southern metal, louisiana metal, sludge metal, doom metal",Lifesblood for the Downtrodden,1RGAg43GgHVh5hEK5fI7hp,4EI3xPRKVZLoa1qfll98nU,"['groove metal', 'southern metal', 'louisiana metal', 'sludge metal', 'doom metal']",Rock,Emotions unable to be determined
Marshall Crenshaw,"Someday, Someway","jangle pop, power pop, underground power pop",Marshall Crenshaw,72GhGD5kKpC6tQ6SBoaVcZ,72Xq9V0lCN12Ml84PeLHOl,"['jangle pop', 'power pop', 'underground power pop']",Pop,"Joy, Fear"
Lightspeed Champion,Everyone I Know Is Listening To Crunk,english indie rock,Falling Off the Lavender Bridge,7vB8RVGsZyB4dcDG4ulCHk,3Aq97Ujxj5xG1Zqhj0bptN,['english indie rock'],Rock,Emotions unable to be determined
Coroner,Nosferatu,"swiss metal, technical thrash, thrash metal, old school thrash",R.I.P.,7GDWJw2xnY6DkxKUU5Rxr2,6F98XoLiU6WsRNuyeiXg7d,"['swiss metal', 'technical thrash', 'thrash metal', 'old school thrash']",Rock,Emotions unable to be determined
ROSALÍA,MALAMENTE - Cap.1: Augurio,"pop, r&b en espanol",El mal querer,1B0BQaSRHxhI0AUlItY3LK,355bjCHzRJztCzaG5Za4gq,"['pop', 'r&b en espanol']",Pop,Emotions unable to be determined
Pretty Girls Make Graves,The Nocturnal House,emo,Élan Vital,5EqqyNmie5dcyngu8kgWi4,4GlbJQlJFqqqMPp6V5WLeo,['emo'],Rock,Emotions unable to be determined
Kenny G,The Wedding Song,"smooth saxophone, smooth jazz",Six of Hearts,3xAgXTqCAorynO123Fvnj6,3ZlTqCfuj9zg9xuaMFnBjN,"['smooth saxophone', 'smooth jazz']",Jazz,Emotions unable to be determined
Against All Authority,Daddy's Little Girl,"ska punk, punk, skate punk, ska, crack rock steady",All Fall Down,5fR3xQPqe0PCxjoVdNxlRW,2XWW8wN5Xcx7dY8E9AYLzw,"['ska punk', 'punk', 'skate punk', 'ska', 'crack rock steady']",Rock,Emotions unable to be determined
Paul Simon,One Man's Ceiling Is Another Man's Floor,"folk rock, rock, singer-songwriter, permanent wave, folk, soft rock, mellow gold, classic rock",In the Blue Light,2N9LsBQMtLyMZL0LeydiLW,3PQQXqRozROVS6q2Db5vvY,"['folk rock', 'rock', 'singer-songwriter', 'permanent wave', 'folk', 'soft rock', 'mellow gold', 'classic rock']",Rock,"Distress, Excitement"
Ghostemane,Nihil,"dark trap, cloud rap, florida rap",N/O/I/S/E,1nB6VmrPybx4xwkL80OqdA,2W5rUof3EANdwzqAMtAWhF,"['dark trap', 'cloud rap', 'florida rap']",Hip-Hop,"Disappointment, Anger"
Carach Angren,Charles Francis Coghlan,"tolkien metal, symphonic metal, dutch black metal, dutch metal, viking metal, symphonic black metal, folk metal, black metal, melodic death metal",Dance and Laugh Amongst the Rotten,0Xpe1eJ0X7Nxj53M0YZ3pR,3JjHjAETbkHqN7YTWu1gdD,"['tolkien metal', 'symphonic metal', 'dutch black metal', 'dutch metal', 'viking metal', 'symphonic black metal', 'folk metal', 'black metal', 'melodic death metal']",Rock,Horror
Brad Johner,The Farmer's Back,canadian country,Free,2KtUy3S5GbuJrXU3iHoLk1,2v0VbYSzB6UPgZ6IOFJmQO,['canadian country'],Country,"Distress, Excitement, Joy"
Chuck E. Weiss,It Rains on Me,swamp rock,Extremely Cool,0gzARJCG4IdeMvxyX3UPKe,2TgVPH4EKubLJSpazhAxgS,['swamp rock'],Rock,"Excitement, Distress, Amusement"
Trey Songz,Animal,"trap, dance pop, southern hip hop, r&b, urban contemporary",Tremaine the Album,2Ju4c6LkBAzhYg5Spp5pWK,5gQtvMHA7yqdzKXrHpe63C,"['trap', 'dance pop', 'southern hip hop', 'r&b', 'urban contemporary']",Hip-Hop,"Determination, Awkwardness, Desire"
Mac Miller,Good News,"hip hop, rap, pittsburgh rap",Circles,1DWZUa5Mzf2BwzpHtgbHPY,5sY6UIQ32GqwMLAfSNEaXb,"['hip hop', 'rap', 'pittsburgh rap']",Hip-Hop,Emotions unable to be determined
Judas Priest,Breaking the Law,"rock, glam metal, hard rock, alternative metal, album rock, metal, birmingham metal",British Steel,2RaA6kIcvomt77qlIgGhCT,5bqtZRbUZUxUps8mrO9tGY,"['rock', 'glam metal', 'hard rock', 'alternative metal', 'album rock', 'metal', 'birmingham metal']",Rock,Emotions unable to be determined
Palomino Road,Why Baby Why,country,Palomino Road,3hT4li4KX0edpVfRVrDPPD,108jWmp0JnY5zmHyXXG5k0,['country'],Country,Amusement
Spacemen 3,I Love You,"noise pop, uk post-punk, dream pop, shoegaze, spacegrunge, experimental rock",Recurring,3KfXor1xGOBNE2wwFiP6rV,2C73SZg3ABcDxkilhGSUOC,"['noise pop', 'uk post-punk', 'dream pop', 'shoegaze', 'spacegrunge', 'experimental rock']",Rock,Emotions unable to be determined
Yvonne Catterfeld,Irgendwas,german pop,Guten Morgen Freiheit,4cSE9G8yT2TGfuMSkbNsrZ,07YkxaD8i5UZIMVZsqogyb,['german pop'],Pop,Emotions unable to be determined
Heart,Break,"rock, glam metal, singer-songwriter, heartland rock, hard rock, soft rock, album rock, new wave pop, mellow gold, classic rock",Bebe le Strange,6WaOtrUUMQaZFD32yMMmns,56watINmdqEQfTBjA9DXKR,"['rock', 'glam metal', 'singer-songwriter', 'heartland rock', 'hard rock', 'soft rock', 'album rock', 'new wave pop', 'mellow gold', 'classic rock']",Rock,Emotions unable to be determined
Aphex Twin,#24,"braindance, uk experimental electronic, intelligent dance music, ambient, electronica",Selected Ambient Works Volume II,3UD2s8AbMCJHQwpD60bKHq,2SZZihZiCsFo87NKxDfxlH,"['braindance', 'uk experimental electronic', 'intelligent dance music', 'ambient', 'electronica']",Electronic,Emotions unable to be determined
David Bowie,Space Oddity - Live,"glam rock, rock, permanent wave, art rock, classic rock",Cracked Actor (Live Los Angeles '74),1vjAkDB2YS3cQH7ujxhImy,5iZ09NPBTbpDziZcMrmjzb,"['glam rock', 'rock', 'permanent wave', 'art rock', 'classic rock']",Rock,Emotions unable to be determined
DOPE LEMON,Kids Fallin' In Love,"Alternative, indie",Rose Pink Cadillac,4FAi3DmONBBSzN60yYhAUR,2VaOn32haUapQOYnerK32W,"['Alternative', 'indie']",Alternative,Emotions unable to be determined
RuPaul,Fascination,"diva house, strut",Mamaru,1m6QaIjiVITxqLSikbXHlY,2jBDNqjSMY1hUz1BGHsXWB,"['diva house', 'strut']",Electronic,Emotions unable to be determined
Stevie Ray Vaughan,Little Wing,"blues, rock, blues rock, heartland rock, hard rock, album rock, electric blues, instrumental rock, texas blues, classic rock",Couldn't Stand the Weather,5XNpdKmlLJPUbwKQceX2tW,5vxBOzakDbJleNA1rbA7FQ,"['blues', 'rock', 'blues rock', 'heartland rock', 'hard rock', 'album rock', 'electric blues', 'instrumental rock', 'texas blues', 'classic rock']",Rock,Emotions unable to be determined
PVRIS,What's Wrong,"pop emo, pop punk, pixie","All We Know of Heaven, All We Need of Hell",6eo0fboEFnT3VF2lekoaMp,3PW52o1Ck2K1CKB6zOcd6W,"['pop emo', 'pop punk', 'pixie']",Pop,Emotions unable to be determined
MBLAQ,Cry,"k-pop, k-pop boy group",BLAQ Style,0d7rScDl147Z8JtoIzwO99,7nEtGoI32qBOQ1VinD31VF,"['k-pop', 'k-pop boy group']",Pop,Emotions unable to be determined
Streetheart,Under My Thumb,classic canadian rock,Streetheart,2fMa0COEeaATJLbFiuohne,5xANQifAw3rNFpCcEaiK8m,['classic canadian rock'],Rock,Emotions unable to be determined
The Babys,Back on My Feet Again,album rock,Union Jacks,2Qy1PMD1NksqykcMqcJS0O,7iY4vYurMVHPAtGKx9XAyi,['album rock'],Rock,Emotions unable to be determined
How To Destroy Angels,Ice age,"industrial metal, electronic rock, industrial rock",Welcome Oblivion,0FdDewrvAF7LCd5Vf2FjgR,7GbRsK5uQvjenixMQzz0mA,"['industrial metal', 'electronic rock', 'industrial rock']",Rock,Emotions unable to be determined
Maps,The Plans We Made,"shoegaze, nu gaze, northamptonshire indie",Colours. Reflect. Time. Loss.,5VVTnXRSVJOi4L5vVOclSB,521VkN0CvzTqSAEm13V0CZ,"['shoegaze', 'nu gaze', 'northamptonshire indie']",Alternative,Emotions unable to be determined
Therion,Alchemy Of The Soul,"symphonic death metal, symphonic metal, opera metal, symphonic black metal, gothic metal, swedish metal, power metal, gothic symphonic metal",Leviathan,3VUvPiWGsQEQQDGZ0EORWw,2DJ5MSG3P0ApFNUjyRVitN,"['symphonic death metal', 'symphonic metal', 'opera metal', 'symphonic black metal', 'gothic metal', 'swedish metal', 'power metal', 'gothic symphonic metal']",Rock,Emotions unable to be determined
RY X,Fumbling Prayer,"indie anthem-folk, indie folk",Unfurl,67DnYBIjF8Iz56yugHZa4O,7pBCXayVLX3fkIDWtMAwOp,"['indie anthem-folk', 'indie folk']",Folk,Emotions unable to be determined
The Mountain Goats,The Best Ever Death Metal Band in Denton,"folk punk, anti-folk, melancholia, new weird america, lo-fi, indie rock, chamber pop",All Hail West Texas,4AtUqjDgRO2S3jBzAjRvh7,3yreM49ULtR2xW4fSENo3K,"['folk punk', 'anti-folk', 'melancholia', 'new weird america', 'lo-fi', 'indie rock', 'chamber pop']",Folk,"Excitement, Pride, Realization"
Mike + The Mechanics,Silent Running - 2005 Remaster,"new romantic, soft rock, album rock, new wave pop, new wave, mellow gold",Hits,3PntiWVCYZjgJW40yo3vh0,4vfRezITj6Hs8U4PLE2Axx,"['new romantic', 'soft rock', 'album rock', 'new wave pop', 'new wave', 'mellow gold']",Rock,Emotions unable to be determined
TENDER,Slow Love,"uk alternative pop, vapor soul",Fear of Falling Asleep,41dOblAV4rjQZEYHGQUbmQ,7GoPa8H2OoqADzSwrFwyHy,"['uk alternative pop', 'vapor soul']",Pop,Emotions unable to be determined
Lil Gotit,Da Real HoodBabies,"trap, atl trap",Crazy But It's True,1PpEUqHOamAdurFzJfPQEj,5AdqfrZptSZBqWbhTDvPNf,"['trap', 'atl trap']",Hip-Hop,"Amusement, Excitement, Anger"
Young Thug,Relationship (feat. Future),"trap, gangster rap, rap, atl hip hop, melodic rap, atl trap",Beautiful Thugger Girls,25oOaleife6E2MIKmFkPvg,51KZKzPd3OQT1r46a55VTt,"['trap', 'gangster rap', 'rap', 'atl hip hop', 'melodic rap', 'atl trap']",Hip-Hop,"Excitement, Amusement, Anger"
Joey Bada$$,DEVASTATED,"conscious hip hop, rap, hip hop",All-Amerikkkan Bada$$,4PnNzWe1LJoAMD5j5RHpI0,2ZmDoyNYarmubD4vTfwh6g,"['conscious hip hop', 'rap', 'hip hop']",Hip-Hop,Calmness
Rae & Christian,Hold Us Down (feat. The Congos),"trip hop, downtempo",Sleepwalking,3LzaZ9QdIasZv2gcadf4vh,2CWAeuZiDlg4WPKcNStnu7,"['trip hop', 'downtempo']",Electronic,Emotions unable to be determined
TVXQ!,Something,"k-pop, k-pop boy group",Tense,3bEbqaDdECyZg8CUDYKEGY,0525slOQ0sqfjRugRUJUlq,"['k-pop', 'k-pop boy group']",Pop,Emotions unable to be determined
Billy Bragg,A New England,"folk punk, anti-folk, singer-songwriter, permanent wave, uk americana",Life's a Riot with Spy vs Spy,0tLuGOBe8BjapO9GcX9WXb,4G80jLXzpeMPT1YJnltV33,"['folk punk', 'anti-folk', 'singer-songwriter', 'permanent wave', 'uk americana']",Folk,"Excitement, Disappointment, Confusion"
Bruce Springsteen,"I Wish I Were Blind - Live at Warner Hollywood Studios, Los Angeles, CA - September 1992","rock, singer-songwriter, permanent wave, heartland rock, mellow gold",In Concert/MTV Plugged,1AP90TZY9gjBXYovkIpgpA,4M3Qtak53VFm7WoUTvqAD6,"['rock', 'singer-songwriter', 'permanent wave', 'heartland rock', 'mellow gold']",Rock,Emotions unable to be determined
Arctic Monkeys,When The Sun Goes Down,"rock, permanent wave, modern rock, sheffield indie, garage rock","Whatever People Say I Am, That's What I'm Not",2zzLRQ78kKfPTx8FJQCdC2,50Zz8CkIhATKUlQMbHO3k1,"['rock', 'permanent wave', 'modern rock', 'sheffield indie', 'garage rock']",Rock,"Excitement, Distress"
Radiohead,Creep,"oxford indie, melancholia, rock, permanent wave, art rock, alternative rock",Pablo Honey,70LcF31zb1H0PyJoS1Sx1r,3gBVdu4a1MMJVMy6vwPEb8,"['oxford indie', 'melancholia', 'rock', 'permanent wave', 'art rock', 'alternative rock']",Rock,Emotions unable to be determined
Armor For Sleep,Car Underwater,"new jersey indie, emo, neon pop punk, screamo, post-hardcore, new jersey hardcore",What to Do When You Are Dead,4CilIy3dA3P9Tq2NFqKEOX,6kYEwpX4miUeuyPLyvq7lK,"['new jersey indie', 'emo', 'neon pop punk', 'screamo', 'post-hardcore', 'new jersey hardcore']",Rock,Excitement
ONF,We Must Love,"k-pop, k-pop boy group",We Must Love,3RNwp04EU8kLyznUGeA2Qn,75Dem3vsxTLZGr31wdAoUo,"['k-pop', 'k-pop boy group']",Pop,Emotions unable to be determined
Bad Religion,We're Only Gonna Die,"punk, skate punk, socal pop punk",How Could Hell Be Any Worse?,4c066sJzrKuIceqJ0k9ulg,7G9tRlpSNYGMzAjcjpgIJP,"['punk', 'skate punk', 'socal pop punk']",Rock,Emotions unable to be determined
MINZY,NINANO,k-pop,"Minzy Work 01: ""Uno""",4ZEfDHV29vbM5conksivxy,3iiezG10DJSJU6HZ5t4G9C,['k-pop'],Pop,Confusion
Dope,Rebel Yell,"alternative metal, industrial metal, nu metal",No Regrets,00L2MQuug19kvRNs41ZHFp,5zULa2uekANHFzQmI926qs,"['alternative metal', 'industrial metal', 'nu metal']",Rock,Emotions unable to be determined
Jennifer Lopez,Can't Get Enough (feat. Latto),"urban contemporary, pop, dance pop",This Is Me... Now,0IIBnREn8yTPYb0YE8GSgo,5n2H8XDZfGQS92t0dpTNtg,"['urban contemporary', 'pop', 'dance pop']",Pop,Emotions unable to be determined
The Waterboys,If the Answer Is Yeah,"scottish new wave, irish rock, celtic rock, scottish rock",Out of All This Blue,6GICDrSeIWZpcUPhDctFPB,4BpIvdyLMhGRzIvFnJu4ZY,"['scottish new wave', 'irish rock', 'celtic rock', 'scottish rock']",Rock,"Excitement, Amusement, Joy"
HammerFall,Dominion,"speed metal, swedish power metal, gothenburg metal, symphonic metal, metal, power metal",Dominion,1osPuS16pkPbqchi1Cotnq,1yThRAVE6dvcBIp7hztL65,"['speed metal', 'swedish power metal', 'gothenburg metal', 'symphonic metal', 'metal', 'power metal']",Rock,Emotions unable to be determined
Collie Buddz,Love & Reggae,"reggae fusion, dancehall",Hybrid,7nT9lGk3bf5rvnVbzPIE3N,7lJJIGkMzRbMCEpv6N7qKS,"['reggae fusion', 'dancehall']",Electronic,Emotions unable to be determined
Daft Punk,"Harder, Better, Faster, Stronger","rock, electro, filter house",Discovery,5W3cjX2J3tjhG8zb6u0qHn,2noRn2Aes5aoNVsU6iWThc,"['rock', 'electro', 'filter house']",Electronic,Emotions unable to be determined
U-KNOW,Thank U,k-pop,Noir,2FqZjsvLrqiQF5CpCOSY7i,1mxgEueuASm9eoOZdYOoHZ,['k-pop'],Pop,Emotions unable to be determined
SKATERS,Schemers,"alternative, indie",Manhattan,0AUuTICSiF59bV5QZpIUKe,2yZx85NwXdqZu3roJ0vH6J,"['alternative', 'indie']",Alternative,"Anxiety, Amusement"
Richard Hawley,Further,"solo wave, singer-songwriter, british singer-songwriter, sheffield indie, chamber pop",Further,1NNGQ86KlGChWTtPy7ahe1,2PSFAiljutsdWxBp4uUI9l,"['solo wave', 'singer-songwriter', 'british singer-songwriter', 'sheffield indie', 'chamber pop']",Folk,Emotions unable to be determined
Aceyalone,Five Feet,"abstract hip hop, alternative hip hop",Accepted Eclectic,6XyNLMnsANDpKFGCVtFLrA,4TAP6YZPwWImmpz6UrTI0s,"['abstract hip hop', 'alternative hip hop']",Hip-Hop,"Anger, Love, Determination"
MOLLY,The Golden Age,"alternative, indie",Picturesque,0eNlLdcY3Qx8zJA6t5IQOo,2XjrBG8CTcUUqvuf3XofgR,"['alternative', 'indie']",Alternative,Emotions unable to be determined
Eamon,I Got Soul,"r&b, soul",Golden Rail Motel,7DEzfUAAkbsdJmsXAn0C9k,6Y6R7wsmuiDujjf2kceQ3Y,"['r&b', 'soul']",R&B,"Fear, Distress, Amusement"
Meat Puppets,Up on the Sun,"punk, grunge, cowpunk, alternative rock",Up on the Sun,7cGwqXXVav9Tg0XNoONPlo,5obGGGs1Gcf4gJzCte6iJf,"['punk', 'grunge', 'cowpunk', 'alternative rock']",Rock,Emotions unable to be determined
Shamir,One More Time Won't Kill You,"art pop, escape room",Hope,4dnsZGFr5ExGOqdbYEEair,0T9EGCxUPLtqgWQCgJkk4Q,"['art pop', 'escape room']",Pop,Emotions unable to be determined
Bad Religion,My Sanity,"punk, skate punk, socal pop punk",Age of Unreason,0KNKU0I1iNOydBWTjbfJVx,1GNAN3xxTAYedMvS9CEOdz,"['punk', 'skate punk', 'socal pop punk']",Rock,Emotions unable to be determined
Suicide Commando,God Is In The Rain,"ebm, industrial metal, aggrotech, electro-industrial",Implements of Hell,7LyU2gCeNvjNjZn4iw8N8N,14nPGkltzrSZRGn73UdTMk,"['ebm', 'industrial metal', 'aggrotech', 'electro-industrial']",Electronic,Emotions unable to be determined
of Montreal,Suffer For Fashion,"noise pop, dance-punk, lo-fi, baroque pop, art pop, indie rock, elephant 6","Hissing Fauna, Are You the Destroyer?",3f823Hy3XDbylXOpmbiz7i,15Fb7HPHdy42No0l9KnXAZ,"['noise pop', 'dance-punk', 'lo-fi', 'baroque pop', 'art pop', 'indie rock', 'elephant 6']",Pop,"Excitement, Joy"
Kenny Chesney,There Goes My Life,"country, contemporary country, modern country rock, country road",When the Sun Goes Down,1CjQCQsl9FDb3WhjGcFOzG,052CF6cpp0nAH67yuUrIp7,"['country', 'contemporary country', 'modern country rock', 'country road']",Country,"Excitement, Determination, Joy"
The Waifs,Sweetness,"australian alternative rock, australian rock, indie folk",Up All Night,5RZ2Q5miNQZttpfr7W0BbS,0ekOI8LYqNwEBWlzTwXp9n,"['australian alternative rock', 'australian rock', 'indie folk']",Rock,"Excitement, Confusion, Determination"
Anathema,Springfield,"gothic metal, progressive doom, progressive metal",The Optimist,5xVtfVrMb1WGypY4bIRLbk,2MXZ5iBdwsSzzlZszRZoTY,"['gothic metal', 'progressive doom', 'progressive metal']",Rock,Emotions unable to be determined
Book Of Love,I Touch Roses,synthpop,Book of Love,54KZBYmE7MUlwxM2bUzSVY,55egvXrYk8zuETwYpwMt53,['synthpop'],Pop,Emotions unable to be determined
The Cranberries,All Over Now,"rock, pop rock, irish rock",In the End,7EkcnNdxjcdCjLa9K0CHYI,4cfq0YAgWhhIqTkVkYyvbC,"['rock', 'pop rock', 'irish rock']",Rock,"Surprise (negative), Nostalgia, Excitement"
Charlie Puth,Attention,"viral pop, pop",Voicenotes,5cF0dROlMOK5uNZtivgu50,0mZIUXje90JtHxPNzWsJNR,"['viral pop', 'pop']",Pop,Emotions unable to be determined
Silk,Please Don't Go,"new jack swing, r&b, contemporary r&b",Tonight,23EmiASWIFv0itO1Ds1sLS,0mqGFxOIb7nOwVkXTx1wsk,"['new jack swing', 'r&b', 'contemporary r&b']",R&B,Emotions unable to be determined
Marillion,"Lavender (Live At Ahoy Sportspalace, Rotterdam, 1995)","symphonic rock, progressive rock, neo-progressive",Made Again,1ZCbHieE7PCFxjIciWaOwP,4tQMskuUF5r7ytCVBJRiEt,"['symphonic rock', 'progressive rock', 'neo-progressive']",Rock,Emotions unable to be determined
Boy Harsher,Fate,"grave wave, western mass indie",Careful,0TeybZKbODYrRTYMTNkTHb,7c844zy9jk6SzVpC57SGZL,"['grave wave', 'western mass indie']",Alternative,Emotions unable to be determined
MoneySign Suede,Too Late,"Hip hop, rap",Suede,6NGskEgrxwOfeDwJ1KIk0t,5PtCXycY9LrvdDeXWioM9o,"['Hip hop', 'rap']",Hip-Hop,"Anger, Distress, Fear"
ONEUS,Rewind,"k-pop, k-pop boy group",Devil,0WaJsLY7OSOyh0lJTwgqct,2vapQ5AsHtSVE970EbK9i7,"['k-pop', 'k-pop boy group']",Pop,Emotions unable to be determined
Karnivool,Themata,"alternative metal, progressive metal",Themata,4PvyjrSAfxF6DOWFp6Ah4q,34WnGrWdlQzFbfNyRp7wBR,"['alternative metal', 'progressive metal']",Rock,Emotions unable to be determined
Charles Esten,Somewhere in the Sunshine,country pop,Love Ain't Pretty,5kcN7fnPLpkXl4KktCUZuA,6YRBjg5nmfBroAYXpasNbe,['country pop'],Pop,"Determination, Confusion, Calmness"
Superchunk,Precision Auto,"noise pop, triangle indie, power pop, lo-fi, alternative pop, modern power pop, gbvfi, post-hardcore, alternative rock",On the Mouth,5iO9jmJQ4aHzE32d6yEUcr,3ovYY5SP77J3KHK4Divz2r,"['noise pop', 'triangle indie', 'power pop', 'lo-fi', 'alternative pop', 'modern power pop', 'gbvfi', 'post-hardcore', 'alternative rock']",Pop,Emotions unable to be determined
Living Colour,Cult of Personality (2023 Remaster),"hard rock, funk metal, funk rock",Vivid,4WG7Z3bNM3iE4vCYcXsxNx,0Itv01cUzRusmyNcEgEmOA,"['hard rock', 'funk metal', 'funk rock']",Rock,Emotions unable to be determined
Courteeners,Better Man,"english indie rock, manchester indie, britpop",More. Again. Forever.,6gkh24ioGiMo2a2kZ9LZkp,2EfZP4H07gEN030KRk463l,"['english indie rock', 'manchester indie', 'britpop']",Pop,Emotions unable to be determined
Digital Underground,The Humpty Dance,"conscious hip hop, gangster rap, hardcore hip hop, hip hop, west coast rap",Sex Packets,0YEC3pNS0uIKvZb5u4lgsu,6HWrL7hDFxfc8Z17JI9JIL,"['conscious hip hop', 'gangster rap', 'hardcore hip hop', 'hip hop', 'west coast rap']",Hip-Hop,Emotions unable to be determined
Cradle Of Filth,Heartbreak and Seance,"british black metal, gothic black metal, symphonic metal, symphonic black metal, black metal, gothic metal, metal",Cryptoriana – The Seductiveness of Decay,7KFY0wzKw6h546qTTcaG93,4Gy5UJMqLfTUyS8KJWi30C,"['british black metal', 'gothic black metal', 'symphonic metal', 'symphonic black metal', 'black metal', 'gothic metal', 'metal']",Rock,Emotions unable to be determined
Kreator,Pleasure to Kill,"german metal, speed metal, thrash metal, old school thrash, hard rock, german thrash metal, melodic thrash, metal, death metal",Pleasure to Kill,3LFeYtxcstS7tezHLWuUY5,2eAK1pBzED09E9ooIAznXP,"['german metal', 'speed metal', 'thrash metal', 'old school thrash', 'hard rock', 'german thrash metal', 'melodic thrash', 'metal', 'death metal']",Rock,Emotions unable to be determined
XXXTENTACION,Jocelyn Flores,"rap, miami hip hop, emo rap",17,7m9OqQk4RVRkw9JJdeAw96,5VdyJkLe3yvOs0l4xXbWp0,"['rap', 'miami hip hop', 'emo rap']",Hip-Hop,"Anger, Amusement"
zebrahead,All My Friends Are Nobodies,"funk metal, skate punk",Brain Invaders,3xhvI8X8PGCKuKd49ZyFNJ,5JxQ55Wvq2kCWtOQ0gSr9h,"['funk metal', 'skate punk']",Rock,Relief
Maluma,Felices los 4,"urbano latino, reggaeton colombiano, latin pop, trap latino, reggaeton",F.A.M.E.,1RouRzlg8OKFeqc6LvdxmB,6MoaDh76Fsg0ogW2l7HAFx,"['urbano latino', 'reggaeton colombiano', 'latin pop', 'trap latino', 'reggaeton']",Reggae,"Amusement, Aesthetic Appreciation, Excitement"
Peterpan,Yang Terdalam,"indonesian pop, indonesian pop rock, dangdut koplo",Taman Langit,4S5ihSR0F3cvK64GHLz4ax,1D8s3IuGh431AotmIzB5qN,"['indonesian pop', 'indonesian pop rock', 'dangdut koplo']",Pop,Emotions unable to be determined
"Harry Connick, Jr.",All These People (feat. Kim Burrell),"adult standards, contemporary vocal jazz, lounge, vocal jazz","Oh, My NOLA",1v1p1iaf2EuK5jcLlCnK8S,5GRrGTIsiKrOxLDoyoozNv,"['adult standards', 'contemporary vocal jazz', 'lounge', 'vocal jazz']",Jazz,"Joy, Amusement, Excitement"
Therion,O Fortuna,"symphonic death metal, symphonic metal, opera metal, symphonic black metal, gothic metal, swedish metal, power metal, gothic symphonic metal",Deggial,0Rtzop0wazk1u9QTlNxJmm,3Qomy9u4HNZqcNLwgSXmDq,"['symphonic death metal', 'symphonic metal', 'opera metal', 'symphonic black metal', 'gothic metal', 'swedish metal', 'power metal', 'gothic symphonic metal']",Rock,Emotions unable to be determined
Ward Thomas,Shine,british country,A Shorter Story,0sFQlZGuiwvfIOBKzt6EtQ,0F2YGA6jvTTRdOrt9QbG9l,['british country'],Country,"Excitement, Fear"
Field Music,Them That Do Nothing,"north east england indie, experimental pop, chamber pop, chamber psych",Field Music (Measure),4QQ1N6GPMwWx47lUA3fz7Q,6JGzWMlTvHB2CbBsKuv9Yu,"['north east england indie', 'experimental pop', 'chamber pop', 'chamber psych']",Pop,Emotions unable to be determined
Ra Ra Riot,Water (feat. Rostam),"stomp and holler, piano rock, baroque pop, indie rock, shimmer pop, indietronica, modern rock",Need Your Light,1dr1B13MHzq77BC5d4zko9,4U0hmoTGpAKJEOIrAnQJws,"['stomp and holler', 'piano rock', 'baroque pop', 'indie rock', 'shimmer pop', 'indietronica', 'modern rock']",Rock,Emotions unable to be determined
Lynyrd Skynyrd,The Last Rebel,"rock, hard rock, album rock, southern rock, classic rock",The Last Rebel,0kAGAVB0bhDJvNoNuJaqzI,2kh1olAVsYP9ZauAJ55pX7,"['rock', 'hard rock', 'album rock', 'southern rock', 'classic rock']",Rock,Triumph
Infected Mushroom,Bliss on Mushrooms,psychedelic trance,Head of NASA and the 2 Amish Boys,6rCcJf8p7z9QDlfzmBVSVl,5VVuvHfpofdhT6ExslEk2B,['psychedelic trance'],Electronic,Emotions unable to be determined
The Corrs,SOS,"pop rock, europop, celtic rock",Jupiter Calling,5CCUSAuikv2ZQ5zB6QUm8U,4PDOzu0hnutkaRB7n5VLM6,"['pop rock', 'europop', 'celtic rock']",Rock,Emotions unable to be determined
Violent Femmes,I'm Nothing,"acoustic punk, punk, alternative rock",Hotel Last Resort,3gY4uk59CJVlX1nI92OtOg,6w3XDU18dzLjGtrTOrYJHg,"['acoustic punk', 'punk', 'alternative rock']",Rock,"Excitement, Sadness, Confusion"
Pinegrove,Orange,"new jersey indie, countrygaze, small room",11:11,49wY4BXHtdZNCREfuHhser,6sOmBkyGWJpzR04C7U7BZE,"['new jersey indie', 'countrygaze', 'small room']",Country,Emotions unable to be determined
Van Halen,Everybody Wants Some!! - 2015 Remaster,"hard rock, rock, album rock, classic rock",Women and Children First,5TnzOUFWoZHUEtOWlxrIlY,7fRy246Xzz3gez6stjTgKk,"['hard rock', 'rock', 'album rock', 'classic rock']",Rock,Emotions unable to be determined
Aya Nakamura,Baby,"basshall, pop urbaine, r&b francais",DNK,3xrZCGMyXIDqesVz4QwJOL,2sDLGR5LQ1pRmyCOT0alhN,"['basshall', 'pop urbaine', 'r&b francais']",Pop,Excitement
Madeline Kenney,Truth,modern dream pop,Summer Quarter,5THNvb8KAYX5eKxyJTxA70,14TAKZ2HUgGHWpyM2Wcbkf,['modern dream pop'],Pop,Emotions unable to be determined
Judas Priest,Johnny B. Goode,"rock, glam metal, hard rock, alternative metal, album rock, metal, birmingham metal",Ram It Down,307B0j257d72HTyAiohF8N,1t2M4YmH8x9Tplcxq08H5l,"['rock', 'glam metal', 'hard rock', 'alternative metal', 'album rock', 'metal', 'birmingham metal']",Rock,Emotions unable to be determined
Testament,Trial by Fire,"groove metal, thrash metal, old school thrash, hard rock, alternative metal, metal",The New Order,4S8vi0R11IEbh0TfNCcswj,3aZG385ojagRAjAvscAv37,"['groove metal', 'thrash metal', 'old school thrash', 'hard rock', 'alternative metal', 'metal']",Rock,Emotions unable to be determined
Lingua Ignota,Woe To All (On The Day Of My Wrath),"gaian doom, death industrial, spectra",All Bitches Die,6dQVFX9JyKUNAzykBV13dx,6Xz0euK4IH16qx5AtAOqmy,"['gaian doom', 'death industrial', 'spectra']",Electronic,Emotions unable to be determined
Toronto,Even The Score,classic canadian rock,Lookin' for Trouble,2FPhkNUDgCJY6VLw04v59u,4WbiQsxXdO7acEHXQWf0dV,['classic canadian rock'],Rock,Emotions unable to be determined
ABC,All We Need,"sophisti-pop, new romantic, new wave pop, dance rock, new wave, synthpop",Skyscraping,1W7woUG3woUHaZsEkI55dG,2eRxf6T3sGBWzjRFS97pxY,"['sophisti-pop', 'new romantic', 'new wave pop', 'dance rock', 'new wave', 'synthpop']",Pop,Interest
tofubeats,RIVER,"japanese r&b, japanese electropop",Run,3Cnz255gSbMsQEnr9BvD29,768w3G6KlQfsegNgMm3XG1,"['japanese r&b', 'japanese electropop']",Pop,Emotions unable to be determined
Dorian Electra,Flamboyant,"escape room, hyperpop, hyper-rock, pink noise, proto-hyperpop",Flamboyant,1XZFTUYb4GmsUc7zWfH9am,4svcCm5yRZtKE0tXn4n1cn,"['escape room', 'hyperpop', 'hyper-rock', 'pink noise', 'proto-hyperpop']",Pop,"Determination, Fear"
Rogério Skylab,A Voz do Cu,brazilian punk,Nas Portas do Cu,2nVSG8rYKK1zH0XbuzJFWw,3Rnp6MLYs8Nghbi3YG0mBh,['brazilian punk'],Rock,Emotions unable to be determined
Deez Nuts,Binge,melodic hardcore,Binge & Purgatory,00nct6WaYbaKh6tJiFcy5q,7lBAEpG0XBDJgX8wuVxhHj,['melodic hardcore'],Rock,Emotions unable to be determined
Dirty Heads,Horsefly,"reggae rock, reggae fusion",Super Moon,2TddgiVOEUSsQTkpleyQSb,1a8kasT2fbeOcjvFsuGnch,"['reggae rock', 'reggae fusion']",Reggae,"Confusion, Joy, Distress"
Soilwork,Shadow Child,"groove metal, nu metal, melodic groove metal, melodic metalcore, alternative metal, swedish melodeath, swedish death metal, swedish metal, melodic death metal",The Early Chapters,0WoXzFHOzJYNss4ie420ay,6Tp3WpK1nOfC66HaZw7fp4,"['groove metal', 'nu metal', 'melodic groove metal', 'melodic metalcore', 'alternative metal', 'swedish melodeath', 'swedish death metal', 'swedish metal', 'melodic death metal']",Rock,Emotions unable to be determined
Kodak Black,Off the Land,"trap, florida rap, rap, melodic rap, miami hip hop, florida drill, trap latino",Painting Pictures,4i32ns3wiz22LjTDkoED08,5mG8oNkNKM2my7t9ywra96,"['trap', 'florida rap', 'rap', 'melodic rap', 'miami hip hop', 'florida drill', 'trap latino']",Hip-Hop,"Amusement, Anger, Calmness"
Happy Mondays,Twenty Four Hour Party People,"madchester, britpop, dance rock",Squirrel and G-Man Twenty Four Hour Party People Plastic Face Carnt Smile (White Out),5ay7lvuij2y4KFf3jThDsG,0HBTwVE0e8hhVKBYi6JlVT,"['madchester', 'britpop', 'dance rock']",Pop,Emotions unable to be determined
Screaming Trees,Clairvoyance,"grunge, alternative rock",Clairvoyance,1cwofqRheRmAKIZzorY8wh,3y843iLFmx553CSLhTcraa,"['grunge', 'alternative rock']",Rock,Emotions unable to be determined
John Mayer,You're Gonna Live Forever in Me,"neo mellow, singer-songwriter",The Search for Everything: Wave One,2uuupTirBvf7iQ8mWN7v1O,5GkyQHN2jO9L05VV0gBnGH,"['neo mellow', 'singer-songwriter']",Folk,"Excitement, Joy, Romance"
Hawkwind,"Born to Go - Live, 2007 Remaster","space rock, canterbury scene, proto-metal, psychedelic rock, hard rock, protopunk",Space Ritual,2aVmR9Oyo80cho9YTdVzHl,7wH3vXQZgy9a6PUvMXLayk,"['space rock', 'canterbury scene', 'proto-metal', 'psychedelic rock', 'hard rock', 'protopunk']",Rock,Emotions unable to be determined
The Afghan Whigs,Demon in Profile,"permanent wave, alternative rock",In Spades,2S7CsAeP1zR2gDTDTaUqDv,7BQhxY7Ri8ouZLN5eAFdmW,"['permanent wave', 'alternative rock']",Rock,Emotions unable to be determined
Arcade Fire,Black Mirror,"quebec indie, rock, permanent wave, modern rock, baroque pop, canadian indie, indie rock, indietronica, canadian indie rock, chamber pop, alternative rock",Neon Bible,16dTcp6dokMKhm1Guz9K2W,4GT6uZod4p5RiDMOVHOMme,"['quebec indie', 'rock', 'permanent wave', 'modern rock', 'baroque pop', 'canadian indie', 'indie rock', 'indietronica', 'canadian indie rock', 'chamber pop', 'alternative rock']",Rock,Emotions unable to be determined
Visible Cloaks,Terrazzo,"drone, ambient, ambient synth, fourth world",Reassemblage,6zH4JhuFvC8Fe6DSGv61cC,5YMsM8N0PVicGhnDiFO3NK,"['drone', 'ambient', 'ambient synth', 'fourth world']",Electronic,Emotions unable to be determined
Darkest Hour,Enter Oblivion,"melodic metalcore, metalcore",Godless Prophets & the Migrant Flora,27DvK0ZZR6Kj3LidqYYRFf,0QFw6pnO2WtfU3sDvKpQfX,"['melodic metalcore', 'metalcore']",Rock,Emotions unable to be determined
Dropkick Murphys,The Spicy McHaggis Jig,"punk, boston rock, boston punk, celtic punk, celtic rock","Sing Loud, Sing Proud!",3Xw3UzQjdIWMuHvkOjOL8Q,6nSdfegzGY00ZxQbWheM1K,"['punk', 'boston rock', 'boston punk', 'celtic punk', 'celtic rock']",Rock,Emotions unable to be determined
Talking Heads,Road to Nowhere,"rock, permanent wave, zolo, funk rock, dance rock, new wave, art punk, post-punk, alternative rock",Little Creatures,5gS8whHdcpbkdz0qonQZF8,7IMqoztesjFDgyeibke8Jz,"['rock', 'permanent wave', 'zolo', 'funk rock', 'dance rock', 'new wave', 'art punk', 'post-punk', 'alternative rock']",Rock,Emotions unable to be determined
Chuck Prophet,Bad Year for Rock and Roll,"roots rock, heartland rock, alternative country, alternative roots rock",Bobby Fuller Died for Your Sins,32G4Ojsc6ybGgl82iLZ7W8,55tyKh94s0rWu1gA4JJMAX,"['roots rock', 'heartland rock', 'alternative country', 'alternative roots rock']",Rock,Emotions unable to be determined
Good Charlotte,Self Help,"pop punk, alternative metal, neon pop punk, modern rock, pop rock, post-grunge",Generation Rx,4mFfbAKCb0TBZLO6qPqKS2,5dxsCNgVuVqhXkGxciDEZg,"['pop punk', 'alternative metal', 'neon pop punk', 'modern rock', 'pop rock', 'post-grunge']",Rock,Emotions unable to be determined
Hot Chip,Melody of Love,"alternative dance, neo-synthpop, new rave, indie rock, dance rock, indietronica, electronica",A Bath Full of Ecstasy,48q7Pc3Zm2nPPVJPsfG30B,6lkUImwpLYQnkiygVaMoAJ,"['alternative dance', 'neo-synthpop', 'new rave', 'indie rock', 'dance rock', 'indietronica', 'electronica']",Alternative,Emotions unable to be determined
Frank Carter & The Rattlesnakes,Why a Butterfly Can't Love a Spider,"british alternative rock, modern alternative rock",End of Suffering,4E1wmfJEjrt24YFSNC6eRz,3hS3M535B8REpnp1gCK2v6,"['british alternative rock', 'modern alternative rock']",Rock,Excitement
We Are Scientists,Turn It Up,"dance-punk, alternative dance, new rave, indie rock, scottish rock, modern rock, british indie rock",Lobes,4nqZaUfS6Y9sjXRAtSCHbi,2Ls042qkzVZ13I2zBVKPo4,"['dance-punk', 'alternative dance', 'new rave', 'indie rock', 'scottish rock', 'modern rock', 'british indie rock']",Rock,Emotions unable to be determined
NANO,CATASTROPHE,"anime, j-pixie",Noixe,314bFFS86HhejBKpeZ4LqK,2A6i0GS7kkpJE69lbroOy8,"['anime', 'j-pixie']",Pop,Emotions unable to be determined
Johnny Marr,Hi Hello,"solo wave, britpop",Call the Comet,1NVksWXj48VGjHx11NNASj,72E67LObGoxTTMX126LgJm,"['solo wave', 'britpop']",Pop,Emotions unable to be determined
Accept,X-T-C,"german metal, speed metal, thrash metal, glam metal, german heavy metal, hard rock, metal, power metal",Eat the Heat,5tkSxLhSe6InzTvAWmVicR,47eNbBhya1cPCmekZPBCtt,"['german metal', 'speed metal', 'thrash metal', 'glam metal', 'german heavy metal', 'hard rock', 'metal', 'power metal']",Rock,Emotions unable to be determined
Fozzy,Enemy,"wrestling, comic metal",All That Remains,7BOGk8WNy4dYMb46dPNzsY,7mUE41Sq2U20j65B1gNu9e,"['wrestling', 'comic metal']",Rock,Emotions unable to be determined
jonatan leandoer96,Blue Light,"cloud rap, drain, hypnagogic pop",Sugar World,4Ne7JhJsOPHVfEySsOhBU2,6dEA8sTmywhnEKxfshZghx,"['cloud rap', 'drain', 'hypnagogic pop']",Pop,Emotions unable to be determined
Owl City,New York City,"pop, indietronica",Cinematic,7azYbCTAryGNFjn7paXX3f,20Bn2vflwFQ3fA4nXJyc1N,"['pop', 'indietronica']",Pop,"Excitement, Joy, Amusement"
Nick Lowe,Wishing Well,"singer-songwriter, power pop, pub rock",Pinker and Prouder Than Previous,6C6PQBpFse3VTmpJIz6x35,6sqOKlMc96OKlilGED03mn,"['singer-songwriter', 'power pop', 'pub rock']",Pop,"Excitement, Joy"
The Fray,Break Your Plans,"neo mellow, pop, pop rock, piano rock",Helios,6eqapEKyzvzux3ARXDJ9k0,4Z1kH6bfeeMYtCuhnR4vEr,"['neo mellow', 'pop', 'pop rock', 'piano rock']",Rock,Emotions unable to be determined
Kumi Koda,愛のうた,j-pop,Kingdom,6qt4DNJ94JlcYw5aZJP9D1,3C8l4pgxgMMjpOsMqZDg5I,['j-pop'],Pop,"Excitement, Joy"
Zhavia,17,post-teen pop,17,3iyxVqVFcGPYd96fkunrAk,0VAnnvpPm76lAfsWDX1rJa,['post-teen pop'],Pop,"Amusement, Excitement, Anger"
Guided By Voices,Space Gun,"noise pop, alternative rock, power pop, lo-fi, indie rock, alternative pop, modern power pop, gbvfi, ohio indie, chamber pop, dayton indie",Space Gun,5UX9m7QIEvLyJr4SXZYk48,4vjT7JkiiM54gO5XAdYSJY,"['noise pop', 'alternative rock', 'power pop', 'lo-fi', 'indie rock', 'alternative pop', 'modern power pop', 'gbvfi', 'ohio indie', 'chamber pop', 'dayton indie']",Pop,Emotions unable to be determined
AC/DC,Heatseeker,"hard rock, rock, australian rock",Blow Up Your Video,0h3A3hdDq762DzIOKUoF21,5jfgUmvXCar7Qf5lidVkqI,"['hard rock', 'rock', 'australian rock']",Rock,Emotions unable to be determined
Yo Gotti,Down In the DM,"trap, gangster rap, southern hip hop, tennessee hip hop, memphis hip hop, rap, dirty south rap",The Art of Hustle,1LxKKYsJNPeBdOwdudsJzv,0s9cSoniuN0HfXpwlCpGUF,"['trap', 'gangster rap', 'southern hip hop', 'tennessee hip hop', 'memphis hip hop', 'rap', 'dirty south rap']",Hip-Hop,"Determination, Excitement, Amusement"
Guided By Voices,Planet Score,"noise pop, alternative rock, power pop, lo-fi, indie rock, alternative pop, modern power pop, gbvfi, ohio indie, chamber pop, dayton indie",Motivational Jumpsuit,5X0yxuaaHpoLeTucwMfn2f,7uFjiqmRpzlrh0mjgMUcNb,"['noise pop', 'alternative rock', 'power pop', 'lo-fi', 'indie rock', 'alternative pop', 'modern power pop', 'gbvfi', 'ohio indie', 'chamber pop', 'dayton indie']",Pop,Emotions unable to be determined
Talia Schlanger,The endLing,Psychodelic folk,Grace for the Going,4kVivkZW921DBXmaVslWo1,1XteJPfcHg6v4jWcwxQTpo,['Psychodelic folk'],Folk,Emotions unable to be determined
Shakira,Chantaje (feat. Maluma),"colombian pop, pop, latin pop, dance pop",El Dorado,6mICuAdrwEjh6Y6lroV2Kg,6bUxh58rYTL67FS8dyTKMN,"['colombian pop', 'pop', 'latin pop', 'dance pop']",Pop,"Determination, Excitement"
On Thorns I Lay,All is Silent,"melodic doom, greek metal",Sounds of Beautiful Experience,5VjfZfL8IMeHAfajMhBkgi,3NsvKNUXnCncS0f4DuoND8,"['melodic doom', 'greek metal']",Rock,Emotions unable to be determined
Courting,Throw,"uk post-punk revival, crank wave",New Last Name,66GwviFVc8lMC9C22Ltv8H,7DnPfehpIKOC7BVsUc0a8H,"['uk post-punk revival', 'crank wave']",Rock,Emotions unable to be determined
Neil Finn,Divebomber,"solo wave, nz singer-songwriter",Dizzy Heights,26WaTrU2wBpX6AnH3WT0qs,3cwQSyZTWTp1Air5e6jcV9,"['solo wave', 'nz singer-songwriter']",Folk,Emotions unable to be determined
The Answer,On & On,"nwocr, modern hard rock, deep melodic hard rock",Everyday Demons,15GR1idqKcEp9DIvcQ88Ds,2auR9kXbJifoSvqVJGhq8k,"['nwocr', 'modern hard rock', 'deep melodic hard rock']",Rock,Emotions unable to be determined
Blue October,I Hope You're Happy,san marcos tx indie,I Hope You're Happy,2YJNoQKf1MPwlInwFPw28P,7J16CoUqYghD05b9cc4kZ9,['san marcos tx indie'],Alternative,Emotions unable to be determined
Madrugada,Nobody Loves You Like I Do,"norwegian americana, norwegian rock",Chimes at Midnight,4b2oNAASMzSO47TpL4ejZ3,7splaAClComaaOc38ut2DJ,"['norwegian americana', 'norwegian rock']",Rock,Sadness
Willie Nelson,Always On My Mind,"country, classic texas country, outlaw country, singer-songwriter, classic country pop, country rock, nashville sound",Always on My Mind,2xYQTU2bbg6WVAmpY1eae4,5lSPP40Df9t2nkusLZtXTb,"['country', 'classic texas country', 'outlaw country', 'singer-songwriter', 'classic country pop', 'country rock', 'nashville sound']",Country,"Joy, Confusion, Satisfaction"
Eagulls,Tough Luck,"leeds indie, garage psych",Eagulls,5egI6aRofbftvOUBnD9duY,74KGur0bkIgnKWP2IXCe0g,"['leeds indie', 'garage psych']",Alternative,Emotions unable to be determined
Incubus,Megalomaniac,"funk metal, nu metal, rock, alternative metal, funk rock, post-grunge, alternative rock",A Crow Left of the Murder,1rSo624QuuCteNxAzsU3SV,6YQRPEkWRVCorkUoKDOdgC,"['funk metal', 'nu metal', 'rock', 'alternative metal', 'funk rock', 'post-grunge', 'alternative rock']",Rock,Emotions unable to be determined
Junglepussy,CRITIQUA,"trap queen, escape room, alternative r&b",JP5000,6h9atUDhTFazxUSgXywDzS,2NbXyRbMzqaiE548rmj9qW,"['trap queen', 'escape room', 'alternative r&b']",Hip-Hop,"Distress, Amusement, Confusion"
Mayra Andrade,Afeto,"morna, afropop",Manga,6Y9ajxGefBUK9pMbT0C8gv,3xB66GJOyGe80myaJ9qAQ9,"['morna', 'afropop']",Pop,Excitement
Deerhoof,Believe E.S.P.,"noise pop, noise rock, experimental pop, bay area indie, experimental indie rock, experimental rock",Friend Opportunity,4qUpgZUCqywZxsTxW3Qk9g,2lHN9ODe6mP1Fj0XvPSPny,"['noise pop', 'noise rock', 'experimental pop', 'bay area indie', 'experimental indie rock', 'experimental rock']",Rock,Emotions unable to be determined
Iron Savior,Never Say Die,"power metal, german metal, speed metal, german power metal",Dark Assault,3hPLeaaNTFrDGPlfoo6TIW,2iOFDz8x2z15eaFDswdZJW,"['power metal', 'german metal', 'speed metal', 'german power metal']",Rock,"Anger, Calmness"
Senidah,Sladjana,"slovenian pop, turbo folk, balkan hip hop",Bez Tebe,7HtNekjVh397NGUTnSfesS,646frwdySA4suqpHJAZmLs,"['slovenian pop', 'turbo folk', 'balkan hip hop']",Pop,Excitement
Various Artists,Boss Bitch,Electropop,Birds of Prey: The Album,0kEzNFvi5ZOlwn6ly5DR8i,3wITH77YIxYdtVv1W4W1SI,['Electropop'],Pop,Emotions unable to be determined
Meat Loaf,Razor's Edge,album rock,Midnight at the Lost and Found,28AKMwUvBcrOAAkdemkCX9,5TvUFX8blX7LAw4nMtYji4,['album rock'],Rock,Emotions unable to be determined
TWICE,Signal,"k-pop, pop, k-pop girl group",Signal,15rX80MpEJ2OqW3dPunQvI,28PwDunFAR71toOCTYRvkf,"['k-pop', 'pop', 'k-pop girl group']",Pop,Emotions unable to be determined
Cannibal Corpse,Frantic Disembowelment,"brutal death metal, metal, death metal, buffalo ny metal",The Wretched Spawn,2MANttYFkeX6Jmxb0G7n36,46QEzkj6cg7FxmIHL7zTjR,"['brutal death metal', 'metal', 'death metal', 'buffalo ny metal']",Rock,"Anger, Amusement"
Tyler Childers,Feathered Indians,"outlaw country, kentucky roots, kentucky indie",Purgatory,2tgQaL85WoRfgEa4hFQgrE,35LcGAeeMwVeIJrDpB3Gkz,"['outlaw country', 'kentucky roots', 'kentucky indie']",Country,"Amusement, Joy, Excitement"
Steve Angello,Children of the Wild (feat. Mako),"progressive electro house, pop dance, house, edm, progressive house, electro house, dutch house",Wild Youth,5uSLlQnpMZqsjZXJxe9kct,2H4BesBBUG1SOuUdQugfLf,"['progressive electro house', 'pop dance', 'house', 'edm', 'progressive house', 'electro house', 'dutch house']",Electronic,Emotions unable to be determined
The Lone Bellow,Count On Me,"indie folk, stomp and holler, new americana, acoustic pop",Half Moon Light,5sA7NCo4bHH9stpolSymvz,6jqJNgfl234UYEWeP3iRF1,"['indie folk', 'stomp and holler', 'new americana', 'acoustic pop']",Pop,Emotions unable to be determined
Whitesnake,Fool for Your Loving,"rock, glam metal, hard rock, british blues, album rock, metal, classic rock",Ready an' Willing,5qZnB1misAxvptTqwpB4cd,7DVZdP0GpxvEfqL9DxTtB2,"['rock', 'glam metal', 'hard rock', 'british blues', 'album rock', 'metal', 'classic rock']",Rock,Emotions unable to be determined
Architects,Follow the Water,"progressive metalcore, melodic metalcore, mathcore, uk metalcore, metalcore",Hollow Crown,4rN2FZNAj7u9r2PqL8u2js,168nXS5Ri1MIdQh9NIECnz,"['progressive metalcore', 'melodic metalcore', 'mathcore', 'uk metalcore', 'metalcore']",Rock,Emotions unable to be determined
TOTO,Melanie,"rock, hard rock, soft rock, album rock, yacht rock, mellow gold, classic rock",Mindfields,0rLdenUXmfckiHTjF7gzaC,64K2helLi7cvka1b2BHCm6,"['rock', 'hard rock', 'soft rock', 'album rock', 'yacht rock', 'mellow gold', 'classic rock']",Rock,Emotions unable to be determined
Mark Knopfler,Going Home (Theme From Local Hero),"soft rock, musical advocacy",Local Hero,01tbEd8UoLfr8op1EtOsu2,41nGDzWgyqGaef5ZL4oCTX,"['soft rock', 'musical advocacy']",Rock,Emotions unable to be determined
Smif-N-Wessun,Let It Go,east coast hip hop,The All,0GNoGKSHvC3kDoNA2roU0T,5wDGT0JMLKKpOmttJyhPA2,['east coast hip hop'],Hip-Hop,"Excitement, Anger, Determination"
Dana Dane,Cinderfella Dana Dane,old school hip hop,Dana Dane with Fame,3A70aETyMt4sffFu9Del9s,1cBQA6BENOelWaOJJRUHz5,['old school hip hop'],Hip-Hop,Emotions unable to be determined
Nick Cave & The Bad Seeds,"Babe, I'm on Fire","singer-songwriter, permanent wave, chamber pop, alternative rock",Nocturama,7EMPVrmZSgbNnMwZT5RWMo,0SrJGc2hNR4Bs0eGC6wtQd,"['singer-songwriter', 'permanent wave', 'chamber pop', 'alternative rock']",Pop,Emotions unable to be determined
Nick Cave & The Bad Seeds,Tupelo,"singer-songwriter, permanent wave, chamber pop, alternative rock",The Firstborn Is Dead,6sv5baxzwawprwNC82PsAH,1c3SdXnHhUyNigHQIQVAAQ,"['singer-songwriter', 'permanent wave', 'chamber pop', 'alternative rock']",Pop,Emotions unable to be determined
Linkin Park,Crawling - One More Light Live,"nu metal, rock, rap metal, alternative metal, post-grunge",One More Light Live,0w4ZwKHHEkXtvHMNUjFPdB,0zcNtUZ2oEpRmiDuWBFvcX,"['nu metal', 'rock', 'rap metal', 'alternative metal', 'post-grunge']",Rock,Emotions unable to be determined
RuPaul,Sissy That Walk,"diva house, strut",Born Naked,4KvHJkVdQQrskjVfGoYedT,3Kl2udummuO8MuE3cYa3sM,"['diva house', 'strut']",Electronic,Emotions unable to be determined
Enslaved,Lifandi Lif Undir Hamri,"pagan black metal, norwegian black metal, viking black metal, viking metal, norwegian metal, black metal, metal, death metal, progressive black metal",Vikingligr Veldi,6vro2jOLCdqCWEX5yFSaj2,57OaCjNI4k5JrnKuJW2J2h,"['pagan black metal', 'norwegian black metal', 'viking black metal', 'viking metal', 'norwegian metal', 'black metal', 'metal', 'death metal', 'progressive black metal']",Rock,Emotions unable to be determined
Anthrax,Deathrider,"groove metal, speed metal, thrash metal, nu metal, glam metal, rock, rap metal, old school thrash, hard rock, alternative metal, metal",Fistful of Metal,3HlnQdKyjxZaUs95cLGOKh,1xg9CNkTZ6zxN48GxyjANK,"['groove metal', 'speed metal', 'thrash metal', 'nu metal', 'glam metal', 'rock', 'rap metal', 'old school thrash', 'hard rock', 'alternative metal', 'metal']",Rock,Emotions unable to be determined
Simple Plan,Your Love Is a Lie,"canadian rock, pop punk, canadian punk, neon pop punk, canadian pop punk, modern rock, pop rock",Simple Plan,5veTPYnAviWwQ73hMVTwb5,47TuxMxIeluBU1BuHcD5bW,"['canadian rock', 'pop punk', 'canadian punk', 'neon pop punk', 'canadian pop punk', 'modern rock', 'pop rock']",Rock,Emotions unable to be determined
The Boy Least Likely To,My Tiger My Heart,twee pop,The Best Party Ever,2alSiZEFVvpWzkf3iKxGJt,2CZtUTkGXTBDWWX4FuI0sz,['twee pop'],Pop,Emotions unable to be determined
Erland & The Carnival,Springtime,"Alternative, indie, rock ",Nightingale,2mJfFV3McHvbLpTQ76zuPR,50drgzBGJ4sn32Hxe3OHIr,"['Alternative', 'indie', 'rock ']",Alternative,Emotions unable to be determined
The Afters,We Are the Sound,"ccm, christian music, christian alternative rock",Never Going Back to OK,2fnviAq93hDWOVCLKmRTMl,3v0I2vo43wrq3nGBioKpRd,"['ccm', 'christian music', 'christian alternative rock']",Rock,Emotions unable to be determined
Alcatrazz,Hiroshima Mon Amour,"hard rock, glam metal, neo classical metal, metal guitar",Live Sentence,7FUTbLMkVEOEcUDVJCghgs,1tkcEEk2xa5xSXNGdFMQK9,"['hard rock', 'glam metal', 'neo classical metal', 'metal guitar']",Rock,Emotions unable to be determined
The Appleseed Cast,As The Little Things Go,"emo, lawrence ks indie, emo punk, midwest emo",Sagarmatha,6fs2oUOjlRqKtvkuVi0rZi,5azytPC4HIUBDxNQLduTvg,"['emo', 'lawrence ks indie', 'emo punk', 'midwest emo']",Rock,Emotions unable to be determined
Azure Ray,Sleep,"athens indie, omaha indie, dream pop",Azure Ray,5viL6E7yylGtpuANKZxFJm,473NAu1vpY4l1ANnx7lmJZ,"['athens indie', 'omaha indie', 'dream pop']",Alternative,Emotions unable to be determined
Echo & the Bunnymen,Ripeness - Alternative Version,"new romantic, uk post-punk, permanent wave, new wave, alternative rock",Porcupine,4fhGlJhz17kmYCWqM3rKWz,4brJ6hWYqPj1sccgk390dC,"['new romantic', 'uk post-punk', 'permanent wave', 'new wave', 'alternative rock']",Rock,"Amusement, Anger"
Nailah Hunter,Bleed,"experimental ambient, spectra",Lovegaze,2iWZkJ8mHvq9PruzfagOW1,5wZ1zvJhdu078W27V9mr5U,"['experimental ambient', 'spectra']",Electronic,Emotions unable to be determined
Twilight Force,Dawn of the Dragonstar,"swedish power metal, symphonic power metal, melodic metal, symphonic metal, fantasy metal, power metal",Dawn of the Dragonstar,5E5NiRzaBqpDCxsDiX8cji,5n0srIifa1ySarZhCYihca,"['swedish power metal', 'symphonic power metal', 'melodic metal', 'symphonic metal', 'fantasy metal', 'power metal']",Rock,Emotions unable to be determined
Fear Factory,Powershifter,"groove metal, metal, nu metal, rap metal, alternative metal, industrial metal",Mechanize,0XEGRBa7bXL2UFPR3uYZ56,1IqBgzVie7lb0M09dT0FDJ,"['groove metal', 'metal', 'nu metal', 'rap metal', 'alternative metal', 'industrial metal']",Rock,Emotions unable to be determined
Marshmello,Rescue Me,"edm, progressive electro house, pop, brostep",Joytime III,35rozLoS6QLE8HX8qswM3k,662MMKEWOxGXbPXQIcgBlW,"['edm', 'progressive electro house', 'pop', 'brostep']",Electronic,Excitement
Eisley,Smarter,"indie pop, piano rock",The Valley,3GGt1YSp0XJh6ANcfWMQ8u,159RtaJGBSJE7DhdJ03qbl,"['indie pop', 'piano rock']",Pop,Emotions unable to be determined
Blancmange,Don't Tell Me,"synthpop, new romantic",Mange Tout,493NNPBvpP6cj5r0VBqcL4,2LzsjicxCFmETqfLZJsQGv,"['synthpop', 'new romantic']",Pop,Emotions unable to be determined
Bell Biv DeVoe,I'm Betta,"new jack swing, r&b, urban contemporary, boy band, contemporary r&b",Three Stripes,1fsbIlhTRAAEvZGLt8VBE5,4qkAIzbdNeyOb08j7skbW3,"['new jack swing', 'r&b', 'urban contemporary', 'boy band', 'contemporary r&b']",R&B,"Determination, Pride"
Morbid Angel,Chapel of Ghouls,"brutal death metal, speed metal, florida death metal, deathgrind, black metal, metal, death metal",Altars of Madness,7jok5zvxnrQuK2N7psZHyN,2vWHACnDiSnFM52octEvY0,"['brutal death metal', 'speed metal', 'florida death metal', 'deathgrind', 'black metal', 'metal', 'death metal']",Rock,Emotions unable to be determined
Boz Scaggs,Breakdown Dead Ahead (2023 Remaster),"singer-songwriter, soft rock, yacht rock, mellow gold, classic rock",Middle Man,1SGYChpcjRUKehqvNOSiMn,1qHVV4HajgQhOqLQYKsVpZ,"['singer-songwriter', 'soft rock', 'yacht rock', 'mellow gold', 'classic rock']",Rock,Emotions unable to be determined
Puscifer,Dear Brother,"alternative metal, nu metal, industrial rock",Donkey Punch the Night,6OCiLV8Xca6zK4VDqOLDqq,4ttOKee8mulQ5J75YhBNY8,"['alternative metal', 'nu metal', 'industrial rock']",Rock,Emotions unable to be determined
Buddy Guy,Cognac (feat. Jeff Beck & Keith Richards),"blues, soul blues, chicago blues, blues rock, traditional blues, electric blues, modern blues, country blues",The Blues Is Alive and Well,3BkMv30DKcUEOsRbDSAyIq,425gWaQU4t3KOvcM7z3VGk,"['blues', 'soul blues', 'chicago blues', 'blues rock', 'traditional blues', 'electric blues', 'modern blues', 'country blues']",Blues,Emotions unable to be determined
Kevin Abstract,Peach,"lgbtq+ hip hop, afrofuturism",Arizona Baby,5JRMqkR82k2fdDEAim9SCN,6wi40lIjhukePWyXRKY7qO,"['lgbtq+ hip hop', 'afrofuturism']",Hip-Hop,"Determination, Amusement, Nostalgia"
Anvil,Metal On Metal,"speed metal, thrash metal, glam metal, canadian metal, hard rock, metal",Backwaxed,72kY8tZsHIJ2iLjGGA5wpt,7tT8C8wIkWlFgqXVkTx26i,"['speed metal', 'thrash metal', 'glam metal', 'canadian metal', 'hard rock', 'metal']",Rock,Emotions unable to be determined
Kamelot,The Fourth Legacy,"speed metal, melodic metal, symphonic metal, metal, progressive metal, power metal, gothic symphonic metal",The Fourth Legacy,5RhuMVzZTmYbX39WGQDy6p,5S33kVTGyoWpyvfsFLIjMJ,"['speed metal', 'melodic metal', 'symphonic metal', 'metal', 'progressive metal', 'power metal', 'gothic symphonic metal']",Rock,Emotions unable to be determined
En Vogue,Hold On,"girl group, new jack swing, r&b, hip pop, urban contemporary, contemporary r&b",Born to Sing,3ZqjDpr3qCZnZBPcd0Hpj2,5G7LmJHqy7cLklwTm1ARYa,"['girl group', 'new jack swing', 'r&b', 'hip pop', 'urban contemporary', 'contemporary r&b']",R&B,Excitement
I Killed The Prom Queen,Thirty One & Sevens,"melodic metalcore, deathcore, metalcore",Beloved,36AheSgFmpF0Chue69lh7J,28B5fkCs91LYxB61sBHCHV,"['melodic metalcore', 'deathcore', 'metalcore']",Rock,Emotions unable to be determined
Test Dept,Speak Truth to Power,"british industrial, british experimental, industrial, martial industrial",Disturbance,13b7OssuQnJLxxX3WiuVUB,4Dw2hFmCriF2LHbBle9eV4,"['british industrial', 'british experimental', 'industrial', 'martial industrial']",Electronic,Emotions unable to be determined
Blur,On Your Own - Crouch End Broadway Mix,"rock, permanent wave, britpop, madchester, alternative rock",Bustin' + Dronin',6vupJx18KomOE82nd81cEr,2vnQeGpngOOTVl1uEQii7p,"['rock', 'permanent wave', 'britpop', 'madchester', 'alternative rock']",Rock,Emotions unable to be determined
Crime Boss,Put 'Em Up,"dirty texas rap, memphis hip hop, dirty south rap",All in the Game,4OmPqTznBYBSfx9qqMdmXn,7jufFVQor2vrVgFXmRpG3j,"['dirty texas rap', 'memphis hip hop', 'dirty south rap']",Hip-Hop,"Amusement, Distress, Anger"
Daryl Hall,Why Was It So Easy,"soft rock, mellow gold",Sacred Songs,7i0Cll8Rn5at9L6eeM7LTS,3U3ZUZfY7AtFTbUGLMPLZz,"['soft rock', 'mellow gold']",Rock,"Excitement, Distress, Surprise (positive)"
Thunder,Loser (2019 Version),"glam metal, modern hard rock",Please Remain Seated,3BUm1k3wT3QtQ8dhQ4SLT4,4Br5yecnHihcu1TfxEf024,"['glam metal', 'modern hard rock']",Rock,Emotions unable to be determined
EMA,Breathalyzer,south dakota indie,Exile in the Outer Ring,012q8yhe6yHSpbxA5iqKl2,2QJCSUQODXNb2HMFslHVIb,['south dakota indie'],Alternative,Emotions unable to be determined
Stone Sour,Song #3,"alternative metal, nu metal, post-grunge",Hydrograd,5jsDxDkJ1PqyYUWhDMr86B,4PERSgw7TXqpEZlIVN6zHr,"['alternative metal', 'nu metal', 'post-grunge']",Rock,Emotions unable to be determined
Beth Orton,Stolen Car,"ectofolk, singer-songwriter, lilith, new wave pop, folktronica",Central Reservation,2UbP7JjlBgmiPmkUkR7eSF,6j7rYlihEMA63TyKLUH4nC,"['ectofolk', 'singer-songwriter', 'lilith', 'new wave pop', 'folktronica']",Folk,Emotions unable to be determined
Dayna Stephens,Emilie,"straight-ahead jazz, contemporary jazz",Gratitude,43UqNpQrTTXws8rP5sNZb8,48KFXVysPvp5IRokGSXv7z,"['straight-ahead jazz', 'contemporary jazz']",Jazz,Emotions unable to be determined
Lusine,Just a Cloud,"deep idm, wonky, abstract, ambient idm, intelligent dance music, microhouse, electronica",Sensorimotor,6NDuYg5KklJi8XKkJxb7d8,4HZOLGYdJmO9sRuePcSjoh,"['deep idm', 'wonky', 'abstract', 'ambient idm', 'intelligent dance music', 'microhouse', 'electronica']",Electronic,Emotions unable to be determined
Shura,religion (u can lay your hands on me),"electropop, indie poptimism",Forevher,4YIimRZi9KYx0ohj1b7vmj,1Gkq8xYCUvIaRshmoLa6ze,"['electropop', 'indie poptimism']",Pop,Emotions unable to be determined
Uriah Heep,Save Me Tonight,"blues rock, hard rock, album rock, symphonic rock, progressive rock, classic rock",Chaos & Colour,1HdRU1ncIAJYeDHvjiaQaP,3jndvktqpOhQ7fQmcdOMsd,"['blues rock', 'hard rock', 'album rock', 'symphonic rock', 'progressive rock', 'classic rock']",Rock,Emotions unable to be determined
Prince,Adore - 2020 Remaster,"synth funk, rock, funk, funk rock, minneapolis sound",Sign o' the Times,7tyckyaQOzlsTjnujLinRt,2QuHyvguNhl5kfdoE17RRe,"['synth funk', 'rock', 'funk', 'funk rock', 'minneapolis sound']",Rock,Determination
L7,The Masses Are Asses,"riot grrrl, punk, grunge, alternative rock",The Beauty Process: Triple Platinum,7xMYlByGNMu0mjSmoi1b9H,2TZ5L2B4GO61yKgxw7yV1M,"['riot grrrl', 'punk', 'grunge', 'alternative rock']",Rock,Emotions unable to be determined
Snoop Dogg,"Do It When I'm In It (feat. Jermaine Dupri, Ozuna & Slim Jxmmi)","gangster rap, rap, hip hop, pop rap, west coast rap, g funk",I Wanna Thank Me,7KnZjHM4BJDfZPFadIP6W0,0a8d4BfLP3XEiuZZTWxxEQ,"['gangster rap', 'rap', 'hip hop', 'pop rap', 'west coast rap', 'g funk']",Hip-Hop,"Anger, Determination, Excitement"
The Sherlocks,World I Understand,"english indie rock, sheffield indie",World I Understand,3IxAZTDd8xAfmLN9eZmgLX,2ESEsbqDurKc7fCmduKViu,"['english indie rock', 'sheffield indie']",Alternative,Emotions unable to be determined
These New Puritans,We Want War,"grave wave, essex indie",Hidden,0lYWAp40vf0IQSenjwtqM5,1C3pCRQVlC072xjno5B0PB,"['grave wave', 'essex indie']",Alternative,Emotions unable to be determined
Ashley Tisdale,Voices in My Head,"post-teen pop, pop, dance pop",Symptoms,0Tyt3SyqRIsN0XHRyhD75J,2SeQhMEDBwMPuU1yykP2mh,"['post-teen pop', 'pop', 'dance pop']",Pop,"Excitement, Sadness, Anger"
SF9,RPM,"k-pop, k-pop boy group",RPM,7b8ZfUQRsc5ebULhUgCyck,3QljHmM1wr3KJ4fLEWFOHx,"['k-pop', 'k-pop boy group']",Pop,Emotions unable to be determined
Enter Shikari,Torn Apart,"british alternative rock, uk post-hardcore, trancecore, nintendocore, uk metalcore",The Mindsweep,61K29ZUtbAM1UCnof4OcvZ,12FpxOCfKtE3c4Md4ScVrd,"['british alternative rock', 'uk post-hardcore', 'trancecore', 'nintendocore', 'uk metalcore']",Rock,Emotions unable to be determined
Jeff Beck,Brush with the Blues,"blues, jazz fusion, blues rock, hard rock, british blues, album rock, electric blues, instrumental rock, progressive rock, classic rock",Who Else!,5MsvQCtWYbA16F5OFIX1AY,0RkgsbkvvlIsCaoRZK40Dm,"['blues', 'jazz fusion', 'blues rock', 'hard rock', 'british blues', 'album rock', 'electric blues', 'instrumental rock', 'progressive rock', 'classic rock']",Rock,Emotions unable to be determined
Hippo Campus,Buttercup,"minneapolis indie, pov: indie, modern rock",Landmark,6iCJCZqDJjmBxt07Oid6FI,0vb1g018puu47StlIi9wxC,"['minneapolis indie', 'pov: indie', 'modern rock']",Alternative,Emotions unable to be determined
Tim Hecker,Step away from Konoyo,"sound art, compositional ambient, warm drone, art pop, canadian experimental, drone, intelligent dance music, ambient",Anoyo,7iiSNaTl7uGAaLiKnQC9ot,78DUDqx2smwm8ZB8D6zG4T,"['sound art', 'compositional ambient', 'warm drone', 'art pop', 'canadian experimental', 'drone', 'intelligent dance music', 'ambient']",Electronic,Emotions unable to be determined
Better Oblivion Community Center,Dylan Thomas,"indie pop, melancholia, omaha indie, indie rock, chamber pop",Better Oblivion Community Center,1AEiKr56njftNDp67QCnHH,0uJIxkI8D0rR4shEIKeiDs,"['indie pop', 'melancholia', 'omaha indie', 'indie rock', 'chamber pop']",Pop,Emotions unable to be determined
Epik High,Catch (Feat. Hwa Sa),"k-pop, k-rap, korean old school hip hop",Strawberry,6Uvj0I6nDoxTmIZQwOZqvQ,0aLrrsoWsk0NtEb2se2Ugd,"['k-pop', 'k-rap', 'korean old school hip hop']",Hip-Hop,Emotions unable to be determined
Judah & the Lion,Pep Talk,"banjo, folk-pop, stomp and holler",Pep Talks,4YLXrSeNSJU1ZgKJgazCpU,2Hr4GBTjdCn2RoGSEv35Ln,"['banjo', 'folk-pop', 'stomp and holler']",Pop,Emotions unable to be determined
Dr. Dog,Say Something,"stomp and holler, philly indie, indie rock, pov: indie, seattle indie, modern folk rock, chamber pop",Easy Beat,6Tkzu8rYqGxpBjfD6zbHsG,11dyj7y5mPVMQ1utHdfHlZ,"['stomp and holler', 'philly indie', 'indie rock', 'pov: indie', 'seattle indie', 'modern folk rock', 'chamber pop']",Alternative,Emotions unable to be determined
Gatecreeper,Starved,"sludge metal, deathgrind, death metal, new wave of osdm",An Unexpected Reality,75JzHXVcgT6n0EzmRgiEyU,2NogIcQswwxbp1nlgfwgSw,"['sludge metal', 'deathgrind', 'death metal', 'new wave of osdm']",Rock,Emotions unable to be determined
Roxette,"She's Got Nothing On (But the Radio) - T&A Demo Aug 7, 2009","synthpop, europop, swedish pop",Charm School,77qU89kr265vnwtP8JHC4Q,1UFaRYryIZM1T3Dxgu2fEt,"['synthpop', 'europop', 'swedish pop']",Pop,Emotions unable to be determined
Sleeper,Inbetweener,britpop,Smart,4GoqaAdOZqS1lyYODRwxlO,4b6QlQpazyHULH2nmJTPcT,['britpop'],Pop,Emotions unable to be determined
Dinosaur Jr.,Out There,"noise pop, noise rock, permanent wave, power pop, lo-fi, alternative rock",Where You Been,0ZNnVYR8w9fBH2y0LmPfJT,5mJss6O9hjbeESfqoBX1xM,"['noise pop', 'noise rock', 'permanent wave', 'power pop', 'lo-fi', 'alternative rock']",Pop,Emotions unable to be determined
AURORA,Cure For Me,"art pop, norwegian pop",The Gods We Can Touch,33WTgxRdPBQQpVCMXpNxhO,5z1xjvymitc0DJETtvVmaX,"['art pop', 'norwegian pop']",Pop,Calmness
Jawbox,Savory,"emo, post-hardcore, emo punk, louisville underground",For Your Own Special Sweetheart,2ETGuTChPhwWge4syLqu9N,0gsVBsleAP9vsCBGqlhxIt,"['emo', 'post-hardcore', 'emo punk', 'louisville underground']",Rock,Emotions unable to be determined
The KLF,Justified & Ancient - Black Steel joins The JAMs,"hip house, acid house, ambient house, big beat",The White Room,018FvsnXEvxeLORLwnDNkE,7n7NzplHz7xjmTRQ9TxQqu,"['hip house', 'acid house', 'ambient house', 'big beat']",Electronic,Emotions unable to be determined
Fugees,Vocab,"hip hop, neo soul, new jersey rap, east coast hip hop",Blunted on Reality,1cV7mQJH6YFdN8qJZzGn2V,0SHdsrvo4oGJiUlYLaqCcu,"['hip hop', 'neo soul', 'new jersey rap', 'east coast hip hop']",Hip-Hop,"Excitement, Determination, Amusement"
The Smiths,Barbarism Begins at Home - 2011 Remaster,"uk post-punk, rock, permanent wave, madchester, new wave",Meat Is Murder,35WDTZhAwkoBF65jGTzF2O,5DM1qCdgGt2zbknnsVn1Ca,"['uk post-punk', 'rock', 'permanent wave', 'madchester', 'new wave']",Rock,Emotions unable to be determined
Justin Timberlake,Say Something (feat. Chris Stapleton),"pop, dance pop",Man of the Woods,1LhMopPAallLeaeNutqbgS,01l3jTY261V3CESZR4dABz,"['pop', 'dance pop']",Pop,Emotions unable to be determined
Vance Joy,We're Going Home,"folk-pop, modern rock",Nation of Two,5J7zqPpQkN9JZiaELHNKSL,5f6Eu9QtujgGggq5qbbycV,"['folk-pop', 'modern rock']",Pop,"Excitement, Determination"
Thompson Twins,20th Century,"synthpop, new romantic, new wave pop, new wave",Close to the Bone,2ZldC4HBLX37DIjMiqGUGH,5aEjhMtl133o1VUnYCGsmh,"['synthpop', 'new romantic', 'new wave pop', 'new wave']",Pop,Emotions unable to be determined
Kelsea Ballerini,Miss Me More,"country, contemporary country",Unapologetically,5NfJGBAL9mgFPRQxKJmiX2,7Ht6xQ80vFtSe2n2KjAAsA,"['country', 'contemporary country']",Country,"Excitement, Nostalgia"
Jackson Browne,The Barricades of Heaven,"folk rock, singer-songwriter, folk, heartland rock, piano rock, soft rock, album rock, country rock, mellow gold, classic rock",Looking East,3woEtvy8lEqji1iV1ttuxb,1QRFAMLYv7hMMjudkwhUNF,"['folk rock', 'singer-songwriter', 'folk', 'heartland rock', 'piano rock', 'soft rock', 'album rock', 'country rock', 'mellow gold', 'classic rock']",Rock,Emotions unable to be determined
Christina Grimmie,Invisible,"post-teen pop, viral pop",All Is Vanity,0ygJ3imMqpd45bwMcSEmgu,5JRaWKXVpU3K3JqbcDIZAb,"['post-teen pop', 'viral pop']",Pop,"Distress, Excitement"
Darkthrone,Too Old Too Cold,"norwegian death metal, blackened crust, black 'n' roll, norwegian black metal, norwegian metal, black metal, metal",The Cult Is Alive,38LaFvN40427xTUWt9D3h4,1XzzaxK9FWQbdDxJ7fG99z,"['norwegian death metal', 'blackened crust', ""black 'n' roll"", 'norwegian black metal', 'norwegian metal', 'black metal', 'metal']",Rock,"Anger, Fear"
Belle and Sebastian,Another Sunny Day,"twee pop, melancholia, singer-songwriter, scottish indie, baroque pop, scottish rock, indie rock, chamber pop, alternative rock",The Life Pursuit,07ZSQZzH92n1uwEG0m8M4f,3G6qfauXGRxcWaCFZvGaLU,"['twee pop', 'melancholia', 'singer-songwriter', 'scottish indie', 'baroque pop', 'scottish rock', 'indie rock', 'chamber pop', 'alternative rock']",Pop,Emotions unable to be determined
Sugar Ray,Someday,"alternative metal, pop rock, funk metal, post-grunge",14:59,6zeDYmP3ARpURvpK29Q09P,43NNW7iDuAE8pIouzvwWWi,"['alternative metal', 'pop rock', 'funk metal', 'post-grunge']",Rock,Emotions unable to be determined
Ladytron,Playgirl,"alternative dance, electroclash, neo-synthpop, indietronica, dark synthpop, electronica",604,2i1RPs2CVW6Iw92PuWcQgF,0Rg5gPR4pbwQrnfmTO9yxK,"['alternative dance', 'electroclash', 'neo-synthpop', 'indietronica', 'dark synthpop', 'electronica']",Pop,"Calmness, Tiredness"
Tauren Wells,Famous For (I Believe),"ccm, christian music, christian alternative rock",Citizen of Heaven,2RuUAwOz2vyArTaiMQUL7j,7o7x7p8emSxFJXS2ECj1Us,"['ccm', 'christian music', 'christian alternative rock']",Rock,Excitement
CELLOXPLAYAA,Murder Blood! (Slowed & Reverb),Uk rap ,Slo*Blo,3AM2eGDTqdyXOFyrgYI72M,2hDM78xDMtYAq6TopH78eI,['Uk rap '],Hip-Hop,Emotions unable to be determined
IDLES,Colossus,"modern rock, indie rock, bristol indie, crank wave",Joy as an Act of Resistance,4dT9ieu9LwGqst9CT29TCm,2vBa3poU0e82yfPtxcn9lg,"['modern rock', 'indie rock', 'bristol indie', 'crank wave']",Rock,Emotions unable to be determined
Earl Sweatshirt,2010,"underground hip hop, rap, alternative hip hop, hip hop, drumless hip hop, experimental hip hop",Sick!,7ze7yEV1xvxPxuPaF0oUUU,51heTwkSfb4Z5dRIgwU2bd,"['underground hip hop', 'rap', 'alternative hip hop', 'hip hop', 'drumless hip hop', 'experimental hip hop']",Hip-Hop,"Nostalgia, Amusement, Excitement"
Lil Uzi Vert,XO Tour Llif3,"trap, rap, hip hop, melodic rap, rage rap, philly rap",Luv Is Rage 2,7GX5flRQZVHRAGd6B4TmDO,733e1ZfktLSwj96X5rsMeE,"['trap', 'rap', 'hip hop', 'melodic rap', 'rage rap', 'philly rap']",Hip-Hop,Fear
Various Artists,Every Year,rock,Rhyme & Reason,6lCwUGD3Pot7XvclXiBOcE,02BXFyOtXZym9zNvfrdEE5,['rock'],Rock,"Amusement, Determination"
Meat Puppets,On,"punk, grunge, cowpunk, alternative rock",Dusty Notes,5jfYOQ13ypb0PukWQdHOpO,3Zf5YjDcf03FQK7GrXEDcU,"['punk', 'grunge', 'cowpunk', 'alternative rock']",Rock,Emotions unable to be determined
The National,The System Only Dreams in Total Darkness,"indie rock, indietronica, modern rock, chamber pop, indie folk",Sleep Well Beast,612R6rJlv9N3wpljUpT8Ja,2lsM7Py65EOtlq8BgwkXCS,"['indie rock', 'indietronica', 'modern rock', 'chamber pop', 'indie folk']",Rock,Emotions unable to be determined
Anaïs Mitchell,Bright Star,indie folk,Anaïs Mitchell,582t08OyJrrpS35HyWSruM,2XVyQw7WE4hAozLKcUTuHD,['indie folk'],Folk,"Excitement, Amusement, Distress"
William Basinski,For David Robert Jones,"sound art, compositional ambient, drone, fourth world, intelligent dance music, ambient, hauntology",A Shadow in Time,6pHed29FQxKvWgvVdpOzla,7pPLyyapgTvJaUZUONzjVa,"['sound art', 'compositional ambient', 'drone', 'fourth world', 'intelligent dance music', 'ambient', 'hauntology']",Electronic,Emotions unable to be determined
Supercar,Jump,"japanese shoegaze, japanese alternative rock, j-rock",Jump Up,36a5dQBsScCT4IWMbPBD8p,7gbOcEUj3LPEMh7QSeNAdr,"['japanese shoegaze', 'japanese alternative rock', 'j-rock']",Rock,Emotions unable to be determined
Pistol Annies,Best Years of My Life,"country, country dawn, contemporary country, country road",Interstate Gospel,6mTSw3gE4k9U7CK8pzX9c0,0IXxmmlfSQxgJNWnNjHhgJ,"['country', 'country dawn', 'contemporary country', 'country road']",Country,Emotions unable to be determined
Ra Ra Riot,Dance With Me,"stomp and holler, piano rock, baroque pop, indie rock, shimmer pop, indietronica, modern rock",Beta Love,1h9XKemRrOcCWf0wu5AKRY,0vaueSELv1BC54ypRGVCtO,"['stomp and holler', 'piano rock', 'baroque pop', 'indie rock', 'shimmer pop', 'indietronica', 'modern rock']",Rock,Excitement
TORRES,Collect,art pop,What an Enormous Room,2OAWgyHqhJZUb5iJP7xOzy,2NdMVSjrgxqhELnvW1Odje,['art pop'],Pop,Emotions unable to be determined
The Feelies,"Gone, Gone, Gone","no wave, alternative country, new jersey indie, power pop, double drumming, dunedin sound, post-punk, jangle pop, gbvfi, experimental rock, alternative rock",In Between,3egiyaH9ShDfV2hQCvfzo1,2yR15KTGFcOBhDFVSXPWbn,"['no wave', 'alternative country', 'new jersey indie', 'power pop', 'double drumming', 'dunedin sound', 'post-punk', 'jangle pop', 'gbvfi', 'experimental rock', 'alternative rock']",Rock,Emotions unable to be determined
Ray Parker Jr.,A Woman Needs Love (Just Like You Do),"yacht rock, theme",A Woman Needs Love,0DEwNI2DgasX1eprqCivJk,38993ejU6at3J4b0fxIien,"['yacht rock', 'theme']",Rock,Emotions unable to be determined
Ride,Lannoy Point,"oxford indie, britpop, dream pop, shoegaze, alternative rock",Weather Diaries,4RIDiG3Z5q6yLTDOnl3E0z,6DFrBk3avbXfcMXh02bOAV,"['oxford indie', 'britpop', 'dream pop', 'shoegaze', 'alternative rock']",Pop,Emotions unable to be determined
Iron Maiden,Running Free (2015 Remaster),"nwobhm, rock, hard rock, alternative metal, metal",Iron Maiden,3I716FW3ISULRCrMF6zNFN,0B09xXDiE7ds5riWnBpg2x,"['nwobhm', 'rock', 'hard rock', 'alternative metal', 'metal']",Rock,Emotions unable to be determined
Novembers Doom,Amour of the Harp,"gothic metal, doom metal, symphonic black metal, melodic death metal",Amid Its Hallowed Mirth,3ZK8s8Aq03yUtQDB1wvcNc,3od7h3SY9jc4Ood6SkyZKO,"['gothic metal', 'doom metal', 'symphonic black metal', 'melodic death metal']",Rock,"Determination, Anger"
Freddie Gibbs,20 Karat Jesus,"underground hip hop, rap, alternative hip hop, hip hop, indiana hip hop",You Only Live 2wice,0XpfHmqTUP4OYlg17DKE0E,2LCCg172ZNVAA9aFH2EPst,"['underground hip hop', 'rap', 'alternative hip hop', 'hip hop', 'indiana hip hop']",Hip-Hop,"Excitement, Distress, Fear"
Running Wild,The Brotherhood,"german metal, speed metal, german power metal, pirate, old school thrash, metal, power metal",The Brotherhood,4zHwGkXxIMBWlcqjdw3G26,5nzjOeV4BbDVc04AuDFBT3,"['german metal', 'speed metal', 'german power metal', 'pirate', 'old school thrash', 'metal', 'power metal']",Rock,Emotions unable to be determined
Hatchie,Without A Blush,brisbane indie,Keepsake,3gYzG0OEly0FJnZw9pTaRG,0RDarzUfv3uQuL6qWvY7PL,['brisbane indie'],Alternative,Emotions unable to be determined
OH MY GIRL,Coloring Book,"k-pop, k-pop girl group",Coloring Book,44vDi7keeB1Fnmc18GrHIN,6Qk2v26qUnHf8TAPh8KFXw,"['k-pop', 'k-pop girl group']",Pop,Emotions unable to be determined
BADBADNOTGOOD,Mono,"indie soul, canadian modern jazz, east coast hip hop, hardcore hip hop",Sour Soul,6Ev9IM6DygA99TWCiPMxIp,4aTYhHG0A0MX8iBQ4UTgoN,"['indie soul', 'canadian modern jazz', 'east coast hip hop', 'hardcore hip hop']",Hip-Hop,Emotions unable to be determined
Tommy Tutone,867-5309 / Jenny,rock,Tommy Tutone,6iX1f3r7oUJnMbGgQ2gx1j,7aks5lgwJAdiZLN51UjkU1,['rock'],Rock,Emotions unable to be determined
Paradise Lost,Mouth,"groove metal, metal, uk doom metal, gothic metal, doom metal",Believe in Nothing,3CSG8VPGyLAX8uTV99a9RU,5e46NjsMuY5nZeVAbTnI0l,"['groove metal', 'metal', 'uk doom metal', 'gothic metal', 'doom metal']",Rock,Emotions unable to be determined
Ministry,Lay Lady Lay,"industrial, industrial rock, nu metal, alternative metal, industrial metal",Filth Pig,4pVGf7BJe4i2qbPsrtbmga,6pK142b1OANbpbyJ6XIuvo,"['industrial', 'industrial rock', 'nu metal', 'alternative metal', 'industrial metal']",Rock,Emotions unable to be determined
Disfear,Get it Off,"grindcore, crust punk, neo-crust, d-beat, swedish hardcore",Live the Storm,4IwVHiRNCOVFE3dqFxHHwm,5HeyYnps1nd5kisqPR8GHM,"['grindcore', 'crust punk', 'neo-crust', 'd-beat', 'swedish hardcore']",Rock,Emotions unable to be determined
Kevin Max,Infinite,christian alternative rock,Broken Temples,5GI83AqHM1VwGzxxb0j5DZ,1FWj8tArjaQSHwe5QkOvrL,['christian alternative rock'],Rock,"Excitement, Anxiety, Distress"
Pearl Jam,Alive,"grunge, rock, permanent wave, hard rock, alternative metal, classic rock, alternative rock",Live on Ten Legs,5AzCmbvI85lxTQ5cgaiX80,6wKolrCfrRb5GtS2WHoATt,"['grunge', 'rock', 'permanent wave', 'hard rock', 'alternative metal', 'classic rock', 'alternative rock']",Rock,"Determination, Excitement, Confusion"
Emmylou Harris,Calling My Children Home - Live,"melancholia, singer-songwriter, folk, lilith, country rock",At the Ryman,1y4AtH1GrdHkIIaj6VX9bY,6QU3H8XFMeYIylEhEFmIIy,"['melancholia', 'singer-songwriter', 'folk', 'lilith', 'country rock']",Folk,"Excitement, Boredom, Awkwardness"
Pinhead Gunpowder,Life During Wartime,power-pop punk,Goodbye Ellston Avenue,3WafGMVc8b3baPIP15KUsd,6ifuUXGMbJzSy5vTmoE03V,['power-pop punk'],Pop,Emotions unable to be determined
The Postal Service,Such Great Heights,"seattle indie, indie rock, chamber pop, indietronica",Such Great Heights,7xpypyK1hDruvMMpoyLU0y,6VTLXgGbi8EDfYdPdoknnx,"['seattle indie', 'indie rock', 'chamber pop', 'indietronica']",Alternative,Emotions unable to be determined
Killswitch Engage,The Signal Fire,"nu metal, post-grunge, boston metal, melodic metalcore, alternative metal, metalcore",Atonement,5kP32cKaf8ln4PSoY6sD13,5k1IQPbz37ctTDrw4vbvtp,"['nu metal', 'post-grunge', 'boston metal', 'melodic metalcore', 'alternative metal', 'metalcore']",Rock,Emotions unable to be determined
Kesha,Bastards,"pop, dance pop",Rainbow,318EGw5ZZB8U5MdMWQwxZQ,1IYVB8NfiRqhdZlTxjspNh,"['pop', 'dance pop']",Pop,"Anger, Excitement, Pain"
Living Colour,"Cult of Personality - Live at CBGB, NYC, NY - 12/18/1989","hard rock, funk metal, funk rock",Live from CBGB's,5prDm91ULY48WOmhD7t64M,07GWRi61mRCC4mISJhlShd,"['hard rock', 'funk metal', 'funk rock']",Rock,Emotions unable to be determined
The Strokes,You Only Live Once,"alternative rock, rock, permanent wave, modern rock, garage rock",First Impressions of Earth,4fPBB44eDH71YohayI4eKV,1HQ61my1h3VWp2EBWKlp0n,"['alternative rock', 'rock', 'permanent wave', 'modern rock', 'garage rock']",Rock,Emotions unable to be determined
Alison Moyet,Only You - Live,"solo wave, sophisti-pop, new romantic, new wave pop, synthpop",Other,5LoaGRRFNSsltflIL2Jvbo,2HPhNGAEHOmRnxke5nHrbH,"['solo wave', 'sophisti-pop', 'new romantic', 'new wave pop', 'synthpop']",Pop,"Amusement, Desire, Excitement"
Prince Royce,Culpa al Corazón,"urbano latino, latin hip hop, latin pop, bachata",Five,0Kt035u0yJBkOnM1BYPpI6,7fIqsFfeYEEP9RO25KHj8P,"['urbano latino', 'latin hip hop', 'latin pop', 'bachata']",Pop,"Excitement, Distress"
Knuckle Puck,Gone,"pop punk, easycore, emo, anthem emo, alternative emo, chicago pop punk",Shapeshifter,4BFmoq1AU7k5GrPnymjgdd,4pIwtCO5U55WjclTKwf8Ah,"['pop punk', 'easycore', 'emo', 'anthem emo', 'alternative emo', 'chicago pop punk']",Pop,Emotions unable to be determined
Young the Giant,Camera,"modern alternative rock, stomp and holler, pov: indie, indietronica, modern rock",Mind over Matter,0GKQXFDtebJeXSPxKXxvpk,3cSzKBfylctgJwqorcNEo2,"['modern alternative rock', 'stomp and holler', 'pov: indie', 'indietronica', 'modern rock']",Alternative,Emotions unable to be determined
The Vaccines,If You Wanna,"rock, scottish rock, indie rock, modern rock, british indie rock, garage rock",What Did You Expect from The Vaccines?,6Ca3uEAuun3HusTUiIXKs1,2T0iwqVWzr4Y63x4kKO5DW,"['rock', 'scottish rock', 'indie rock', 'modern rock', 'british indie rock', 'garage rock']",Rock,Emotions unable to be determined
EUN JIWON,I’M ON FIRE,k-rap,G1,4YFKeovxAW7RQ9mPHkiWnh,5uEdyJsBeNWnyy0rS0Dkog,['k-rap'],Hip-Hop,Emotions unable to be determined
TOY,Sequence One,"brighton indie, chamber psych",Happy in the Hollow,0cwJQ1uDKgj8bHTlWPuIhu,2H8MYVD5w7AN1j3mZDyqlb,"['brighton indie', 'chamber psych']",Alternative,Emotions unable to be determined
Iced Earth,Raven Wing,"us power metal, speed metal, thrash metal, power thrash, old school thrash, symphonic metal, hard rock, metal, power metal",Incorruptible,4nNvSTWVXhoTlMlGRqduIT,7jdSTiR96uRP2BsetUSLKB,"['us power metal', 'speed metal', 'thrash metal', 'power thrash', 'old school thrash', 'symphonic metal', 'hard rock', 'metal', 'power metal']",Rock,Emotions unable to be determined
Flotsam & Jetsam,Demolition Man,"power thrash, speed metal, thrash metal, old school thrash",The End of Chaos,3Gtel2KAEymGoZMbTI4cID,0IhQm5Cw9sg3pFykPU2unm,"['power thrash', 'speed metal', 'thrash metal', 'old school thrash']",Rock,"Anger, Distress, Interest"
